{
  "index_settings": {
    "docstore_compression": "lz4",
    "docstore_blocksize": 16384
  },
  "segments": [
    {
      "segment_id": "8652238f-d0dc-4b47-b525-77b56df16f3c",
      "max_doc": 574,
      "deletes": null
    }
  ],
  "schema": [
    {
      "name": "file_path",
      "type": "text",
      "options": {
        "indexing": {
          "record": "position",
          "fieldnorms": true,
          "tokenizer": "default"
        },
        "stored": true,
        "fast": false
      }
    },
    {
      "name": "content",
      "type": "text",
      "options": {
        "indexing": {
          "record": "position",
          "fieldnorms": true,
          "tokenizer": "default"
        },
        "stored": true,
        "fast": false
      }
    },
    {
      "name": "doc_id",
      "type": "i64",
      "options": {
        "indexed": true,
        "fieldnorms": false,
        "fast": true,
        "stored": true
      }
    }
  ],
  "opstamp": 575
}
